  -1.8573713394759198E-07,   5.1827584046068740E+00,   1.0309949665102709E+00
  -5.7813644350922710E-01,   5.2361405694240188E+00,   9.3361166938141249E-01
  -1.0211971733237502E+00,   5.3790022833294922E+00,   7.9708262629875959E-01
  -1.3267925721505276E+00,   5.5637493152077875E+00,   7.5483036177055385E-01
  -1.5635171908014218E+00,   5.8549178306929646E+00,   8.6942803254997392E-01
  -1.2812724571359735E+00,   6.2075223272414286E+00,   1.3202348694182089E+00
   8.3286278144939339E-08,   6.4035597497455301E+00,   1.7457870226984471E+00
   1.2812726447073077E+00,   6.2075223662500365E+00,   1.3202350325433478E+00
   1.5635172990983546E+00,   5.8549175982165771E+00,   8.6942862558949496E-01
   1.3267910441015449E+00,   5.5637498128631071E+00,   7.5482857967299311E-01
   1.0211963532119108E+00,   5.3790023457072165E+00,   7.9708311104931340E-01
   5.7813609231760510E-01,   5.2361407791439349E+00,   9.3361070980449934E-01
  -9.5895273462210928E-01,   5.1957433409002904E+00,   3.0082223596542368E-01
  -9.6467846824994652E-01,   5.3044381212288512E+00,  -2.0655374929571002E-01
  -1.0068092506100574E+00,   5.5055058061361981E+00,  -7.3046729795897258E-01
  -1.2319581406045619E+00,   5.7205695891980959E+00,  -1.1742849038405416E+00
  -1.6745704994640649E+00,   5.8848704504431595E+00,  -1.4588080601953375E+00
  -2.2328484774381141E+00,   6.0050744010113632E+00,  -1.2399041251518430E+00
  -2.3964298136971625E+00,   6.0915986382533269E+00,  -5.0744442446042981E-01
  -2.1093170938810162E+00,   6.0592615593658712E+00,   2.1738397522197395E-01
  -1.6513656574496034E+00,   5.9214288947827090E+00,   7.5761181961217794E-01
  -1.1967163871795987E+00,   5.6468001111829489E+00,   9.4231771763821226E-01
  -9.6832388649273382E-01,   5.3621049072450857E+00,   8.4943005296123864E-01
  -9.3276801509147733E-01,   5.2170558548058183E+00,   6.4663483486806927E-01
   1.0595946421882857E-07,   5.2781649937548547E+00,  -2.4113800426901291E-01
   4.7170007330037200E-01,   5.3881159217519503E+00,  -3.6770217444225911E-01
   8.1395410967276172E-01,   5.6557533262883615E+00,  -7.2651258835449517E-01
   9.2830565481062421E-01,   5.8911599286837673E+00,  -1.1952394348040287E+00
   8.1145721294366169E-01,   6.0289407575581180E+00,  -1.6486506051255525E+00
   4.9458987198472354E-01,   6.1076265786556441E+00,  -2.0198392555281184E+00
  -2.0760678331368500E-06,   6.1353614738085520E+00,  -2.1765560552635921E+00
  -4.9457084711787624E-01,   6.1076365024226851E+00,  -2.0198176133410883E+00
  -8.1146002422186436E-01,   6.0289391036186757E+00,  -1.6486550242687124E+00
  -9.2830566608504528E-01,   5.8911598940269503E+00,  -1.1952394141220037E+00
  -8.1395404378096992E-01,   5.6557531926251992E+00,  -7.2651286520124969E-01
  -4.7170010541356588E-01,   5.3881160376845401E+00,  -3.6770179113680751E-01
   9.5895273144639726E-01,   5.1957434297987461E+00,   3.0082212461392055E-01
   9.3276808203308070E-01,   5.2170557617481421E+00,   6.4663556486435592E-01
   9.6832555922380104E-01,   5.3621045173990494E+00,   8.4942886230352166E-01
   1.1967163678878878E+00,   5.6468003244477529E+00,   9.4231783500941058E-01
   1.6513659550027164E+00,   5.9214288537127659E+00,   7.5761178138231666E-01
   2.1093167480245114E+00,   6.0592616944835118E+00,   2.1738277842293721E-01
   2.3964297984131204E+00,   6.0915986008164769E+00,  -5.0744438536523395E-01
   2.2328484264754183E+00,   6.0050744038168560E+00,  -1.2399041011473677E+00
   1.6745714301091352E+00,   5.8848703011414925E+00,  -1.4588061505040251E+00
   1.2319584333096953E+00,   5.7205694808457945E+00,  -1.1742851677318147E+00
   1.0068087939712405E+00,   5.5055057554950730E+00,  -7.3046733737033365E-01
   9.6467883908643581E-01,   5.3044378746774532E+00,  -2.0655290022816669E-01
   1.3806681222759246E-08,   5.0897063819483455E+00,   9.8510639911353026E-01
  -5.5084774771940892E-01,   5.1446913161585197E+00,   8.8792885094017393E-01
  -9.8515323777712338E-01,   5.2906242614209349E+00,   7.4590035642466557E-01
  -1.3069596578847289E+00,   5.4866464222517184E+00,   6.9694034195204801E-01
  -1.6705391995203038E+00,   5.9388266992440926E+00,   8.8334018048430352E-01
  -1.3769402342466954E+00,   6.3536030058922854E+00,   1.3942434363354885E+00
  -5.4637908359125935E-09,   6.5739664051644047E+00,   1.8601164728576065E+00
   1.3769403121514843E+00,   6.3536033255186819E+00,   1.3942429888405605E+00
   1.6705395729981001E+00,   5.9388263652095894E+00,   8.8334107404087359E-01
   1.3069699405742747E+00,   5.4866437385930533E+00,   6.9694568982352079E-01
   9.8515364607397604E-01,   5.2906243700540916E+00,   7.4590121663912345E-01
   5.5084773897140438E-01,   5.1446912951580570E+00,   8.8792884754662316E-01
  -8.9234277334533818E-01,   5.1307316747645269E+00,   3.0295209905719073E-01
  -8.9031484420412321E-01,   5.2518289423233879E+00,  -1.9728182014417267E-01
  -9.1952351113572173E-01,   5.4698495567032213E+00,  -7.3227154428478247E-01
  -1.1432097986307319E+00,   5.7064110996374318E+00,  -1.2107535646336116E+00
  -1.6981670043242378E+00,   5.8996552279811034E+00,  -1.5586204922326239E+00
  -2.3994053601857175E+00,   6.0425117065975851E+00,  -1.3093389471054790E+00
  -2.5698485450224764E+00,   6.1592258042919399E+00,  -5.2002181875199871E-01
  -2.2537593838015617E+00,   6.1512285355810237E+00,   2.3710452321229070E-01
  -1.7519680882717368E+00,   6.0227275673851466E+00,   8.0806733039721079E-01
  -1.2110925424632761E+00,   5.7018241520422306E+00,   1.0019107997616821E+00
  -9.0440430944556460E-01,   5.2991455616798362E+00,   8.5922283396995613E-01
  -8.6840208928262330E-01,   5.1416934023955942E+00,   6.4273777775342644E-01
   6.6481557770153985E-10,   5.2281075130562984E+00,  -1.7159740933140483E-01
   4.9940213006196033E-01,   5.3499348390832431E+00,  -3.0895482546382358E-01
   8.8868589653117225E-01,   5.6576852930292345E+00,  -7.0644718420539454E-01
   1.0427383445244502E+00,   5.9165411372320555E+00,  -1.2190691878252347E+00
   9.4018311063008519E-01,   6.0546324102134470E+00,  -1.7105617149453847E+00
   5.9958519471163796E-01,   6.1289063845894507E+00,  -2.1146505817223464E+00
   1.7022412216619014E-05,   6.1547688513845378E+00,  -2.2912725477844051E+00
  -5.9957341523012098E-01,   6.1289151459624769E+00,  -2.1146284871244134E+00
  -9.4017987520249413E-01,   6.0546341982280385E+00,  -1.7105591580665735E+00
  -1.0427390511673817E+00,   5.9165410517424029E+00,  -1.2190685888212083E+00
  -8.8868492702141055E-01,   5.6576855765787419E+00,  -7.0644720364771485E-01
  -4.9940206916125585E-01,   5.3499348838684604E+00,  -3.0895491733589359E-01
   8.9234270478202304E-01,   5.1307317256548162E+00,   3.0295213919007713E-01
   8.6840208631924931E-01,   5.1416934312362494E+00,   6.4273762155907221E-01
   9.0440516269851379E-01,   5.2991450857044917E+00,   8.5922423400402459E-01
   1.2110927335714277E+00,   5.7018241569713028E+00,   1.0019112514976367E+00
   1.7519668325695055E+00,   6.0227286339499955E+00,   8.0806426642789275E-01
   2.2537597902459989E+00,   6.1512283965865766E+00,   2.3710435721820611E-01
   2.5698486383189030E+00,   6.1592257044754843E+00,  -5.2002175911990056E-01
   2.3994054547627655E+00,   6.0425115506065037E+00,  -1.3093393641806594E+00
   1.6981670983558184E+00,   5.8996552190710743E+00,  -1.5586188378544039E+00
   1.1432091951536967E+00,   5.7064115428952551E+00,  -1.2107520039207875E+00
   9.1952197344877706E-01,   5.4698498214871512E+00,  -7.3227129368035437E-01
   8.9031474118920284E-01,   5.2518289702484235E+00,  -1.9728146324978985E-01
   1.3336843019624684E-09,   4.9573007981886850E+00,   9.2233256286215737E-01
  -5.1263236780662713E-01,   5.0149573901838647E+00,   8.2504923517998030E-01
  -9.3339005477171955E-01,   5.1653684350000812E+00,   6.7481557713034790E-01
  -1.2748462038766240E+00,   5.3752008118391723E+00,   6.1333933930217099E-01
  -1.8441141281651063E+00,   6.0692354664463419E+00,   9.0330035425376598E-01
  -1.5390525132758677E+00,   6.5905971977298314E+00,   1.5154998973372755E+00
  -8.6992684216183901E-10,   6.8535751295778979E+00,   2.0546214844860580E+00
   1.5390525226327609E+00,   6.5905970555342908E+00,   1.5155004824568394E+00
   1.8441138029269795E+00,   6.0692356691470764E+00,   9.0329942095038462E-01
   1.2748388618496977E+00,   5.3752057694718296E+00,   6.1332076285187720E-01
   9.3339001548589384E-01,   5.1653684843486261E+00,   6.7481564316227072E-01
   5.1263237380907489E-01,   5.0149573809559849E+00,   8.2504924177052275E-01
  -8.0001166514398458E-01,   5.0370081215512945E+00,   3.0654692237941467E-01
  -7.8609425523667864E-01,   5.1758009934748266E+00,  -1.8362663565254025E-01
  -7.9518672176038407E-01,   5.4189549619740500E+00,  -7.3422733081490443E-01
  -1.0104482657239724E+00,   5.6873591474902874E+00,  -1.2622125280938856E+00
  -1.7282232775514923E+00,   5.9177841134827016E+00,  -1.7115814651674663E+00
  -2.6714534143441684E+00,   6.0925264310732734E+00,  -1.4212888043385308E+00
  -2.8521468622208443E+00,   6.2622897673541278E+00,  -5.3937522970253415E-01
  -2.4911525597581221E+00,   6.2967262586463741E+00,   2.6989077115525162E-01
  -1.9172867193018821E+00,   6.1855544869826762E+00,   8.9434661737811638E-01
  -1.2267951881181249E+00,   5.7882095271059635E+00,   1.0962892493414595E+00
  -8.1487163847263844E-01,   5.2042949239407212E+00,   8.7022380724871418E-01
  -7.8051587574137049E-01,   5.0325123237206189E+00,   6.3725759945463600E-01
   2.6158715809110178E-09,   5.1526904145413859E+00,  -6.9283484650768654E-02
   5.3988132928133259E-01,   5.2928700729265135E+00,  -2.2355106691594015E-01
   9.9784857809601146E-01,   5.6627426582096758E+00,  -6.7675993723754235E-01
   1.2206185010171007E+00,   5.9569383808076211E+00,  -1.2528801051184573E+00
   1.1467987321910567E+00,   6.0931081621408421E+00,  -1.8062302022262291E+00
   7.6698564048855611E-01,   6.1578401018327247E+00,  -2.2638833809778447E+00
  -2.3601507578959028E-06,   6.1783385784020357E+00,  -2.4644897448070400E+00
  -7.6698613785875158E-01,   6.1578359249417476E+00,  -2.2638945249722475E+00
  -1.1468003371870139E+00,   6.0931083305270155E+00,  -1.8062292565110367E+00
  -1.2206180960485671E+00,   5.9569382467113350E+00,  -1.2528803185325228E+00
  -9.9784909993163229E-01,   5.6627431556438870E+00,  -6.7676025480227375E-01
  -5.3988131977399989E-01,   5.2928699613332384E+00,  -2.2355104937169978E-01
   8.0001166812675317E-01,   5.0370081126706845E+00,   3.0654694642796476E-01
   7.8051587443056003E-01,   5.0325123392817641E+00,   6.3725757566354768E-01
   8.1487168699567136E-01,   5.2042950376578316E+00,   8.7022359220916812E-01
   1.2267945252580086E+00,   5.7882093557920147E+00,   1.0962899075653301E+00
   1.9172878252900347E+00,   6.1855542220865072E+00,   8.9434754087271273E-01
   2.4911522264429782E+00,   6.2967264165835584E+00,   2.6989046498487967E-01
   2.8521469332091050E+00,   6.2622896997804478E+00,  -5.3937532180631154E-01
   2.6714536143100607E+00,   6.0925263206064031E+00,  -1.4212887740533577E+00
   1.7282230975037400E+00,   5.9177839110950012E+00,  -1.7115825521117343E+00
   1.0104485377206860E+00,   5.6873576913991375E+00,  -1.2622189386307068E+00
   7.9518674181413262E-01,   5.4189554517958616E+00,  -7.3422404301606092E-01
   7.8609425166967950E-01,   5.1758010274631774E+00,  -1.8362666279156131E-01
  -7.6233980002399992E-12,   4.7922832704229776E+00,   8.4863827399744185E-01
  -4.6632328149875640E-01,   4.8541694477179131E+00,   7.5041135662457825E-01
  -8.6810851932782129E-01,   5.0106963775888413E+00,   5.8855235831073638E-01
  -1.2291005579121184E+00,   5.2330213509027637E+00,   5.0832759010099204E-01
  -2.1026541318002900E+00,   6.2539585247297076E+00,   9.2598045658796257E-01
  -1.7984384737512611E+00,   6.9461079221593209E+00,   1.6970055348982753E+00
  -2.1551574574682852E-09,   7.2806346348107436E+00,   2.3666373662514437E+00
   1.7984384723312012E+00,   6.9461080051477593E+00,   1.6970042490178834E+00
   2.1026542189533091E+00,   6.2539584752316646E+00,   9.2598042522109902E-01
   1.2291005954129717E+00,   5.2330213028818156E+00,   5.0832719034737350E-01
   8.6810850703364006E-01,   5.0106962926953527E+00,   5.8855234225195296E-01
   4.6632328088909225E-01,   4.8541694471523389E+00,   7.5041135632399836E-01
  -6.8961782445948872E-01,   4.9189656973619327E+00,   3.1228985096092610E-01
  -6.5953515321142409E-01,   5.0798278845608831E+00,  -1.6594676081967846E-01
  -6.4097999216544721E-01,   5.3558274462921096E+00,  -7.3611152080497411E-01
  -8.3485103008802719E-01,   5.6650690052629482E+00,  -1.3257214590603184E+00
  -1.7571534868286067E+00,   5.9332933219756310E+00,  -1.9208695206566242E+00
  -3.0804118824279785E+00,   6.1432130936843503E+00,  -1.5899839204147459E+00
  -3.2741814622170868E+00,   6.4009622271973932E+00,  -5.6825340274492009E-01
  -2.8516921510327404E+00,   6.5064010171951034E+00,   3.1631765127052680E-01
  -2.1679151508637640E+00,   6.4275282260467757E+00,   1.0301181559980739E+00
  -1.2344627798121515E+00,   5.9103992321026260E+00,   1.2314022390249511E+00
  -7.0724719715998918E-01,   5.0771254980372129E+00,   8.7874005951811229E-01
  -6.7805898246516738E-01,   4.8939300629633911E+00,   6.3101385417363343E-01
  -1.9457893549362851E-10,   5.0517674857185781E+00,   6.3863237846909851E-02
   5.9215620406529901E-01,   5.2175124225132379E+00,  -1.1475358708081107E-01
   1.1370736228699305E+00,   5.6734058454990359E+00,  -6.3809231373846054E-01
   1.4694611515400864E+00,   6.0154872078374027E+00,  -1.2932394990590548E+00
   1.4502693131930742E+00,   6.1433984904593890E+00,  -1.9425223686875901E+00
   1.0089159032891202E+00,   6.1892995920890774E+00,  -2.4816916785925374E+00
  -1.6609808566699313E-08,   6.1979335769321526E+00,  -2.6960873282859912E+00
  -1.0089158783533301E+00,   6.1892995777255946E+00,  -2.4816916818208758E+00
  -1.4502694939151697E+00,   6.1433985468454404E+00,  -1.9425224750079331E+00
  -1.4694614524012337E+00,   6.0154871487648522E+00,  -1.2932394121366206E+00
  -1.1370737643554325E+00,   5.6734058979391637E+00,  -6.3809228975461818E-01
  -5.9215620449122852E-01,   5.2175123686379266E+00,  -1.1475358558026111E-01
   6.8961782432714280E-01,   4.9189656903918522E+00,   3.1228984881020161E-01
   6.7805898278829702E-01,   4.8939300720195629E+00,   6.3101385411749911E-01
   7.0724721408339419E-01,   5.0771254946043074E+00,   8.7874001359327336E-01
   1.2344633421907980E+00,   5.9103989558811998E+00,   1.2314031669973367E+00
   2.1679151097361387E+00,   6.4275282680853767E+00,   1.0301180280461399E+00
   2.8516921154384232E+00,   6.5064010358129911E+00,   3.1631774400197221E-01
   3.2741814454522871E+00,   6.4009622197148301E+00,  -5.6825342214224750E-01
   3.0804117715545760E+00,   6.1432130049309697E+00,  -1.5899842643018123E+00
   1.7571534669277384E+00,   5.9332933388955613E+00,  -1.9208695185648126E+00
   8.3485095371582885E-01,   5.6650690073628258E+00,  -1.3257212031640506E+00
   6.4097989242077191E-01,   5.3558273322427796E+00,  -7.3611175412552576E-01
   6.5953514841969652E-01,   5.0798278772142842E+00,  -1.6594676278196585E-01
